Item,Description,Estimated Price (USD),Verified Link
Digispark ATtiny85,USB Development Board (Controller),$2.50,https://robu.in/product/attiny85-usb-development-board/
1404 Brushless Motor,Emax ECO 1404-6000KV motor for 30mm impeller,$11.00,https://robu.in/product/emax-eco-1404-6000kv-brushless-motor/
SimonK 30A ESC,Electronic Speed Controller with BEC,$3.80,https://robu.in/product/30a-bldc-esc-electronic-speed-controller/
10k Potentiometer (WH148),Rotary dial for throttle control,$0.25,https://robu.in/product/wh148-potentiometer-10k-15mm-shaft/
18650 Li-ion Cells (x4),Samsung 30Q 3000mAh Cells,$11.00,https://robu.in/product/samsung-18650-30q-li-ion-battery/
4S 30A BMS Module,Battery Management System,$3.20,https://robu.in/product/4-series-30a-18650-lithium-battery-protection-board-14-8v-16v-with-cable/
Type-C 4S Charging Module,4S 16.8V 4A 18650 Lithium Battery Charger Module Type C,$3.80,https://robu.in/product/4s-16-8v-4a-18650-lithium-battery-charger-module-type-c/
Solder Wire & Flux Combo,Plusivo Rosin Paste & 1mm Wire,$2.00,https://robu.in/product/plusivo-solder-wire-1mm-100g-and-rosin-paste-flux-for-pcb-electrical-soldering/
Barley Insulation Paper,Battery Pack Insulation Sheet (2m),$1.00,https://robu.in/product/barley-insulation-paper-sheet-100mm-2-meter/
Dupont Jumper Wires,Female to Female 20cm (40 Pcs),$0.65,https://robu.in/product/acebott-20cm-dupont-wire-40pin-female-to-female/
Silicone Hookup Wire,14AWG Ultra Flexible Silicone Wire - Red,$0.80,https://robu.in/product/high-quality-ultra-flexible-14awg-silicone-wire-red/
Custom 3D Printing Service,JLCPCB Enclosure & Impeller fabrication,$10.00,https://jlcpcb.com/3d-printing
TOTAL,Target Budget Met,$50.00,
